last_name,first_name,email,pseudo,site,question,reponse
Pennoni,Chic,cpennoni0@nationalgeographic.com,cpennoni0,3,2,magna ac
Serjeant,Maxy,mserjeant1@ning.com,mserjeant1,3,4,dolor
Burger,Isador,iburger2@nsw.gov.au,iburger2,2,4,sollicitudin mi
Vasyukhin,Nichol,nvasyukhin3@answers.com,nvasyukhin3,3,3,pellentesque at
Swapp,Ramon,rswapp4@ucla.edu,rswapp4,2,2,viverra diam
Blasi,Patrice,pblasi5@linkedin.com,pblasi5,3,4,dapibus
Grimbaldeston,Jenine,jgrimbaldeston6@xinhuanet.com,jgrimbaldeston6,1,2,tristique
Swannie,Winna,wswannie7@answers.com,wswannie7,1,4,quam
Reiach,Steffie,sreiach8@tuttocitta.it,sreiach8,2,3,placerat
Bartalini,Malina,mbartalini9@i2i.jp,mbartalini9,4,2,lobortis ligula
Haswell,Aliza,ahaswella@feedburner.com,ahaswella,3,2,semper porta
Lipscombe,Germana,glipscombeb@barnesandnoble.com,glipscombeb,4,4,eget
Tropman,Gustav,gtropmanc@aboutads.info,gtropmanc,1,4,in tempus
Ommundsen,Claudius,commundsend@moonfruit.com,commundsend,4,4,convallis eget
Blakeden,Gradey,gblakedene@zdnet.com,gblakedene,4,2,justo
Storck,Gweneth,gstorckf@hugedomains.com,gstorckf,3,2,ut
Oneal,Robina,ronealg@discuz.net,ronealg,4,1,nunc donec
Lerer,Dedie,dlererh@symantec.com,dlererh,2,1,posuere cubilia
Gillebride,Gabriela,ggillebridei@parallels.com,ggillebridei,2,2,accumsan
Billson,Julianne,jbillsonj@shutterfly.com,jbillsonj,4,4,nulla mollis
Hedaux,Adoree,ahedauxk@redcross.org,ahedauxk,3,4,sapien iaculis
Rentoll,Collette,crentolll@who.int,crentolll,3,3,praesent
Boggis,Elmo,eboggism@unc.edu,eboggism,2,4,sed magna
Bareham,Patrizio,pbarehamn@mapy.cz,pbarehamn,2,3,duis
Fearne,Sloan,sfearneo@reuters.com,sfearneo,2,2,vestibulum eget
Dane,Delbert,ddanep@4shared.com,ddanep,4,4,in
Leathlay,Renata,rleathlayq@skyrock.com,rleathlayq,2,2,vestibulum
Rowell,Say,srowellr@icq.com,srowellr,4,4,lobortis
McGready,Stella,smcgreadys@samsung.com,smcgreadys,4,3,et
Murr,Kriste,kmurrt@mediafire.com,kmurrt,2,1,a nibh
Rainforth,Rex,rrainforthu@opensource.org,rrainforthu,1,1,in felis
Olenichev,Klement,kolenichevv@reverbnation.com,kolenichevv,1,2,erat
Allans,Pierrette,pallansw@cisco.com,pallansw,4,2,urna pretium
Catterell,Shirlee,scatterellx@discovery.com,scatterellx,3,1,non
Smeaton,Syman,ssmeatony@naver.com,ssmeatony,2,3,nisl venenatis
Reddoch,Jamison,jreddochz@google.com.br,jreddochz,4,4,in
Dorricott,Lianna,ldorricott10@artisteer.com,ldorricott10,2,1,in faucibus
Ogus,Frannie,fogus11@fastcompany.com,fogus11,3,4,amet turpis
Heady,Bail,bheady12@guardian.co.uk,bheady12,1,2,vestibulum
Andreini,Marris,mandreini13@wired.com,mandreini13,3,1,turpis a
Bortolomei,Mireille,mbortolomei14@unblog.fr,mbortolomei14,2,4,iaculis justo
Taffs,Hendrick,htaffs15@utexas.edu,htaffs15,4,1,justo eu
Murty,Clemmy,cmurty16@slideshare.net,cmurty16,4,3,dictumst
Forst,Grenville,gforst17@wp.com,gforst17,4,3,elit
Raatz,Hallie,hraatz18@uol.com.br,hraatz18,3,2,porttitor
Mote,Antone,amote19@ustream.tv,amote19,4,2,nisl
Jovanovic,Emmerich,ejovanovic1a@hatena.ne.jp,ejovanovic1a,2,4,enim blandit
Hovert,Mary,mhovert1b@privacy.gov.au,mhovert1b,4,2,pellentesque viverra
Womack,Bianka,bwomack1c@ifeng.com,bwomack1c,1,1,ipsum primis
Rehor,Yancy,yrehor1d@purevolume.com,yrehor1d,2,4,praesent
Gianiello,Avrit,agianiello1e@unicef.org,agianiello1e,3,4,semper rutrum
Burgise,Karole,kburgise1f@sourceforge.net,kburgise1f,1,2,quis
Golding,Patrica,pgolding1g@fc2.com,pgolding1g,2,2,lacus
Lemar,Tallou,tlemar1h@virginia.edu,tlemar1h,4,4,elementum in
Kowalski,Doy,dkowalski1i@blinklist.com,dkowalski1i,2,3,non
Newing,Tamarah,tnewing1j@rambler.ru,tnewing1j,3,3,vestibulum
Blunkett,Hildegarde,hblunkett1k@behance.net,hblunkett1k,3,3,nulla
Kemston,Sandi,skemston1l@craigslist.org,skemston1l,1,4,dictumst
Bilbrooke,Elysee,ebilbrooke1m@163.com,ebilbrooke1m,3,2,in faucibus
Peasgood,Pete,ppeasgood1n@nps.gov,ppeasgood1n,2,3,eros
Fair,Cole,cfair1o@hexun.com,cfair1o,2,3,quam turpis
Foan,Didi,dfoan1p@constantcontact.com,dfoan1p,1,3,nulla ultrices
McGill,Corene,cmcgill1q@bloglovin.com,cmcgill1q,3,3,suscipit ligula
Crewdson,Seth,screwdson1r@thetimes.co.uk,screwdson1r,4,1,elit
Pellington,Filide,fpellington1s@illinois.edu,fpellington1s,2,1,sollicitudin
Bagg,Sibyl,sbagg1t@theguardian.com,sbagg1t,3,2,curabitur
Lemerie,Caldwell,clemerie1u@mlb.com,clemerie1u,2,4,hac habitasse
Stife,Tiphanie,tstife1v@hatena.ne.jp,tstife1v,3,4,platea
Jopke,Ian,ijopke1w@moonfruit.com,ijopke1w,1,4,eu est
Horrigan,Jessi,jhorrigan1x@psu.edu,jhorrigan1x,3,1,aliquet
Fenix,Charis,cfenix1y@weibo.com,cfenix1y,3,4,sapien placerat
Kopta,Kimbell,kkopta1z@jiathis.com,kkopta1z,4,1,sodales sed
Dary,Wilow,wdary20@opensource.org,wdary20,2,2,leo
Laurenty,Adina,alaurenty21@wikipedia.org,alaurenty21,2,4,non interdum
Driffield,Laurianne,ldriffield22@amazon.de,ldriffield22,1,3,elementum nullam
Halfhide,Dorene,dhalfhide23@reverbnation.com,dhalfhide23,2,4,posuere
Romagosa,Morton,mromagosa24@ox.ac.uk,mromagosa24,3,1,duis mattis
Conkie,Brendan,bconkie25@cloudflare.com,bconkie25,4,1,potenti cras
Shepcutt,Gleda,gshepcutt26@google.pl,gshepcutt26,1,3,donec
Masic,Yettie,ymasic27@mail.ru,ymasic27,4,3,lectus aliquam
Almeida,Chelsey,calmeida28@pinterest.com,calmeida28,3,2,at velit
Dockrell,Ryon,rdockrell29@mapy.cz,rdockrell29,2,3,id
Withur,Jaquith,jwithur2a@loc.gov,jwithur2a,4,3,sed ante
Britner,Roselle,rbritner2b@drupal.org,rbritner2b,4,4,et magnis
Sheering,Reeva,rsheering2c@networkadvertising.org,rsheering2c,3,4,faucibus orci
Rosenwald,Corene,crosenwald2d@patch.com,crosenwald2d,3,4,habitasse
Dundendale,Meyer,mdundendale2e@altervista.org,mdundendale2e,4,3,nonummy
Shetliff,Sally,sshetliff2f@pbs.org,sshetliff2f,3,2,erat
Sellors,Zebulon,zsellors2g@thetimes.co.uk,zsellors2g,2,3,nisl duis
Wolffers,Menard,mwolffers2h@house.gov,mwolffers2h,1,3,ultricies eu
Du Plantier,Stanislaus,sduplantier2i@cafepress.com,sduplantier2i,2,3,adipiscing
Ridsdale,Rudiger,rridsdale2j@tripadvisor.com,rridsdale2j,3,3,integer
Blair,Cobby,cblair2k@hostgator.com,cblair2k,2,4,vitae
Wallbrook,Guthrey,gwallbrook2l@ucla.edu,gwallbrook2l,4,4,mollis
MacCawley,Lorenza,lmaccawley2m@ning.com,lmaccawley2m,1,1,purus sit
Ferreo,Morse,mferreo2n@ted.com,mferreo2n,2,2,diam neque
Wilne,Kyla,kwilne2o@hao123.com,kwilne2o,4,1,sagittis dui
Haukey,Nanine,nhaukey2p@google.de,nhaukey2p,1,1,donec posuere
Lamers,Arin,alamers2q@g.co,alamers2q,4,3,sem
Barock,Darda,dbarock2r@edublogs.org,dbarock2r,2,3,quisque porta
Boyett,Mohammed,mboyett2s@imgur.com,mboyett2s,1,2,ornare
Ellacott,Venita,vellacott2t@themeforest.net,vellacott2t,3,4,ultrices
Abbey,Morlee,mabbey2u@yelp.com,mabbey2u,4,3,ipsum
Saines,Fonsie,fsaines2v@people.com.cn,fsaines2v,3,3,nulla
Paudin,Cointon,cpaudin2w@weebly.com,cpaudin2w,4,2,ut
Pastor,Laverna,lpastor2x@mozilla.com,lpastor2x,3,3,sed
Duplan,Clair,cduplan2y@hibu.com,cduplan2y,1,2,duis
Pennetta,Maure,mpennetta2z@e-recht24.de,mpennetta2z,2,3,nulla sed
Balmadier,Barney,bbalmadier30@aol.com,bbalmadier30,4,1,vel
Drewes,Theobald,tdrewes31@google.com.au,tdrewes31,1,1,placerat ante
Rusted,Genna,grusted32@goodreads.com,grusted32,4,4,vel est
Beldan,Mordecai,mbeldan33@china.com.cn,mbeldan33,1,1,mattis odio
Muddimer,Candida,cmuddimer34@cnbc.com,cmuddimer34,2,1,nulla
Dunridge,Moishe,mdunridge35@indiegogo.com,mdunridge35,3,4,erat nulla
Nevitt,Lusa,lnevitt36@amazonaws.com,lnevitt36,4,3,quam
Marzella,Purcell,pmarzella37@netvibes.com,pmarzella37,2,3,id
Byham,Evie,ebyham38@about.me,ebyham38,3,4,vivamus metus
Cassedy,Barth,bcassedy39@macromedia.com,bcassedy39,4,1,adipiscing molestie
Wykey,Rogerio,rwykey3a@wikimedia.org,rwykey3a,1,2,pretium nisl
Pettiward,Ronda,rpettiward3b@intel.com,rpettiward3b,2,1,enim
Venart,Anne-corinne,avenart3c@dropbox.com,avenart3c,1,3,at
Crockatt,Rorie,rcrockatt3d@mit.edu,rcrockatt3d,4,4,nulla suspendisse
Blezard,Burtie,bblezard3e@admin.ch,bblezard3e,1,3,ullamcorper purus
MacNeish,Pierrette,pmacneish3f@alibaba.com,pmacneish3f,4,4,suspendisse potenti
Eccleshare,Robina,reccleshare3g@irs.gov,reccleshare3g,4,1,tortor eu
Breeder,Marve,mbreeder3h@is.gd,mbreeder3h,2,1,proin risus
Padbury,Grayce,gpadbury3i@hud.gov,gpadbury3i,4,3,sollicitudin
Andrusyak,Barron,bandrusyak3j@vkontakte.ru,bandrusyak3j,4,3,non
Gavriel,Ivor,igavriel3k@disqus.com,igavriel3k,4,1,sed vestibulum
Matei,Parsifal,pmatei3l@yelp.com,pmatei3l,2,4,lorem
Gitthouse,Eric,egitthouse3m@thetimes.co.uk,egitthouse3m,2,4,massa
Kopecka,Kristal,kkopecka3n@dell.com,kkopecka3n,1,1,ligula
Baxstare,Dalton,dbaxstare3o@soup.io,dbaxstare3o,4,1,eu massa
Hunsworth,Holt,hhunsworth3p@is.gd,hhunsworth3p,2,2,aenean fermentum
Tohill,Aida,atohill3q@fda.gov,atohill3q,3,3,semper
Brettle,Christalle,cbrettle3r@blinklist.com,cbrettle3r,2,1,augue a
Synder,Sibbie,ssynder3s@soup.io,ssynder3s,2,1,non mauris
Wallage,Marjy,mwallage3t@lulu.com,mwallage3t,1,4,mattis
Oyley,Sean,soyley3u@bloglovin.com,soyley3u,4,2,felis eu
Edland,Lucio,ledland3v@abc.net.au,ledland3v,4,2,sed magna
Neeves,Heather,hneeves3w@accuweather.com,hneeves3w,2,3,quam
Bastiman,Annetta,abastiman3x@microsoft.com,abastiman3x,1,3,odio odio
Fairclough,Dari,dfairclough3y@globo.com,dfairclough3y,1,4,augue vestibulum
Kitteman,Joe,jkitteman3z@naver.com,jkitteman3z,1,1,vel
Bealing,Helena,hbealing40@scientificamerican.com,hbealing40,2,2,quis
Mabbitt,Nappy,nmabbitt41@cpanel.net,nmabbitt41,1,3,vulputate
Parmley,Galven,gparmley42@marriott.com,gparmley42,3,1,tempor convallis
Jedrzejczyk,Juana,jjedrzejczyk43@nasa.gov,jjedrzejczyk43,2,3,ligula pellentesque
Mariette,Orelia,omariette44@imdb.com,omariette44,2,4,praesent
Haslock,Robby,rhaslock45@google.de,rhaslock45,1,2,justo pellentesque
Margrie,Franciskus,fmargrie46@istockphoto.com,fmargrie46,3,2,semper
Ratray,Eugenia,eratray47@over-blog.com,eratray47,1,3,vehicula consequat
Shanks,Nance,nshanks48@sitemeter.com,nshanks48,3,4,ante nulla
Budnk,Derrick,dbudnk49@bloglovin.com,dbudnk49,3,4,sem praesent
Acland,Angelique,aacland4a@phpbb.com,aacland4a,3,3,lobortis
Braban,Batsheva,bbraban4b@zimbio.com,bbraban4b,2,1,ante ipsum
Lakenton,Edie,elakenton4c@ucla.edu,elakenton4c,1,1,erat vestibulum
Grigorkin,Atlanta,agrigorkin4d@jugem.jp,agrigorkin4d,3,3,consectetuer
Hebborne,Adaline,ahebborne4e@phpbb.com,ahebborne4e,1,2,duis aliquam
Found,Cathryn,cfound4f@issuu.com,cfound4f,1,4,aliquam lacus
Levick,Davon,dlevick4g@delicious.com,dlevick4g,4,3,scelerisque
Clapham,Keene,kclapham4h@redcross.org,kclapham4h,4,1,ante ipsum
Dunston,Teresita,tdunston4i@vk.com,tdunston4i,1,1,venenatis
Bruinemann,Dasi,dbruinemann4j@stumbleupon.com,dbruinemann4j,3,3,lacinia
Wason,Bondie,bwason4k@ow.ly,bwason4k,3,3,nam
McAvaddy,Ivar,imcavaddy4l@hostgator.com,imcavaddy4l,2,3,auctor
Ricardou,Alon,aricardou4m@mapquest.com,aricardou4m,1,1,id
Crosher,Ermanno,ecrosher4n@dedecms.com,ecrosher4n,3,3,rutrum neque
Wicks,Daphna,dwicks4o@princeton.edu,dwicks4o,2,2,id
Ferry,Vincent,vferry4p@hugedomains.com,vferry4p,1,1,mattis
Bingley,Merv,mbingley4q@tripod.com,mbingley4q,3,1,est
Dearlove,Rosmunda,rdearlove4r@marriott.com,rdearlove4r,1,2,lectus aliquam
Daviot,Rosina,rdaviot4s@pcworld.com,rdaviot4s,4,2,vulputate elementum
Messier,Judith,jmessier4t@com.com,jmessier4t,2,1,curabitur
Donnan,Constantine,cdonnan4u@nhs.uk,cdonnan4u,1,4,quis
Naper,Freeland,fnaper4v@ft.com,fnaper4v,3,3,maecenas
Poller,Artus,apoller4w@illinois.edu,apoller4w,1,4,donec
Cubuzzi,Benedicto,bcubuzzi4x@prweb.com,bcubuzzi4x,1,3,pellentesque quisque
Redford,Merola,mredford4y@slashdot.org,mredford4y,4,2,praesent id
Rivelon,Nevile,nrivelon4z@narod.ru,nrivelon4z,4,4,libero non
Osorio,Welch,wosorio50@cnn.com,wosorio50,3,2,gravida
Braywood,Eduard,ebraywood51@goo.ne.jp,ebraywood51,4,4,libero convallis
de Clerc,Tiffanie,tdeclerc52@purevolume.com,tdeclerc52,4,1,aenean auctor
O'Tierney,Farrah,fotierney53@apache.org,fotierney53,2,3,et eros
Munson,Rochelle,rmunson54@bloglines.com,rmunson54,4,4,ultrices posuere
Ruit,Carine,cruit55@tripod.com,cruit55,1,3,pretium iaculis
Bulle,Aube,abulle56@sciencedirect.com,abulle56,3,1,mi
Sweeny,Wilbert,wsweeny57@prlog.org,wsweeny57,1,3,mi
Hrus,Gretta,ghrus58@springer.com,ghrus58,1,2,quis augue
Pettingall,Flo,fpettingall59@github.com,fpettingall59,1,4,vestibulum
Hartigan,Amy,ahartigan5a@telegraph.co.uk,ahartigan5a,3,1,curabitur
Ortzen,Wenonah,wortzen5b@google.cn,wortzen5b,4,4,dui maecenas
Esherwood,Sheila,sesherwood5c@harvard.edu,sesherwood5c,1,3,mi nulla
Houlson,Theda,thoulson5d@dmoz.org,thoulson5d,2,1,nullam varius
Cobon,Wini,wcobon5e@ca.gov,wcobon5e,2,4,leo odio
Manuello,Sydney,smanuello5f@ibm.com,smanuello5f,3,3,morbi
Jaquet,Obadias,ojaquet5g@homestead.com,ojaquet5g,4,2,neque vestibulum
Newdick,Meredeth,mnewdick5h@examiner.com,mnewdick5h,4,1,nulla
Gunbie,Woodman,wgunbie5i@cafepress.com,wgunbie5i,1,4,et
Sor,Eugenie,esor5j@dell.com,esor5j,1,2,amet eros
Gallgher,Farley,fgallgher5k@google.it,fgallgher5k,2,4,ante ipsum
Becom,Haleigh,hbecom5l@whitehouse.gov,hbecom5l,1,3,condimentum
Sigert,Roxana,rsigert5m@smh.com.au,rsigert5m,1,2,porta
Boxill,Leda,lboxill5n@microsoft.com,lboxill5n,2,2,ornare
Itschakov,Gerardo,gitschakov5o@elegantthemes.com,gitschakov5o,4,1,vivamus vestibulum
Baldree,Lon,lbaldree5p@bing.com,lbaldree5p,1,4,nulla integer
Raphael,Gill,graphael5q@clickbank.net,graphael5q,1,1,et
Karlowicz,Roby,rkarlowicz5r@hhs.gov,rkarlowicz5r,3,4,volutpat quam
Wybron,Jocelyne,jwybron5s@merriam-webster.com,jwybron5s,4,3,imperdiet nullam
Weagener,Conney,cweagener5t@vinaora.com,cweagener5t,3,1,semper
Bottini,Rice,rbottini5u@netscape.com,rbottini5u,4,1,augue quam
Tippler,Hatti,htippler5v@amazonaws.com,htippler5v,3,2,enim
Bangley,Kinna,kbangley5w@google.ca,kbangley5w,2,3,odio
Hundey,Eloisa,ehundey5x@google.es,ehundey5x,2,2,in
Talks,Gloriane,gtalks5y@meetup.com,gtalks5y,3,2,nulla ac
Killbey,Minny,mkillbey5z@apple.com,mkillbey5z,3,2,sem praesent
Fullard,Hussein,hfullard60@icq.com,hfullard60,2,4,sociis natoque
Matfield,Alleen,amatfield61@xinhuanet.com,amatfield61,3,1,ut at
Ivankin,Maggy,mivankin62@posterous.com,mivankin62,1,2,cubilia curae
Scarffe,Averil,ascarffe63@cafepress.com,ascarffe63,3,4,tincidunt
Pumfrey,Rosmunda,rpumfrey64@cafepress.com,rpumfrey64,4,1,nascetur ridiculus
McPhater,Bernelle,bmcphater65@omniture.com,bmcphater65,4,2,eu massa
Sharpus,Kienan,ksharpus66@vk.com,ksharpus66,1,3,fringilla rhoncus
Drage,Denice,ddrage67@prnewswire.com,ddrage67,2,1,sed sagittis
Bitcheno,Phineas,pbitcheno68@digg.com,pbitcheno68,3,1,vitae quam
Ferries,Karissa,kferries69@va.gov,kferries69,2,3,at
Steer,Corliss,csteer6a@aboutads.info,csteer6a,1,4,massa
Gatchell,Sarene,sgatchell6b@so-net.ne.jp,sgatchell6b,3,3,in faucibus
Bransdon,Maressa,mbransdon6c@weebly.com,mbransdon6c,3,2,nisl aenean
Bodiam,Alfreda,abodiam6d@sfgate.com,abodiam6d,4,2,dapibus
Sainter,Sanderson,ssainter6e@goo.ne.jp,ssainter6e,3,4,ut odio
Marwood,Cyrille,cmarwood6f@bravesites.com,cmarwood6f,1,3,vel
Brock,Shell,sbrock6g@newsvine.com,sbrock6g,1,1,nulla
Killiam,Rollin,rkilliam6h@nbcnews.com,rkilliam6h,1,2,in hac
De Cleen,Cyrill,cdecleen6i@joomla.org,cdecleen6i,3,1,euismod
Morrilly,Heath,hmorrilly6j@addthis.com,hmorrilly6j,4,3,vestibulum
Welchman,Katey,kwelchman6k@tripod.com,kwelchman6k,1,4,morbi
Ends,Barbie,bends6l@youtube.com,bends6l,3,2,dictumst
Gregine,Romonda,rgregine6m@businesswire.com,rgregine6m,2,1,in leo
Gravett,Tricia,tgravett6n@edublogs.org,tgravett6n,1,2,cum
Leahy,Tessy,tleahy6o@businessweek.com,tleahy6o,1,2,condimentum
Beebee,Aldous,abeebee6p@vistaprint.com,abeebee6p,1,4,pharetra magna
Tallis,Keary,ktallis6q@oakley.com,ktallis6q,2,1,id nulla
Bumby,Foster,fbumby6r@bbb.org,fbumby6r,2,2,elit
Rappoport,Laura,lrappoport6s@mtv.com,lrappoport6s,2,2,nullam
Tickle,Sonnnie,stickle6t@ebay.co.uk,stickle6t,1,3,aliquam
Tremmil,Chaddie,ctremmil6u@sina.com.cn,ctremmil6u,2,3,donec
Tearny,Kesley,ktearny6v@mysql.com,ktearny6v,1,4,phasellus id
Simionescu,Gus,gsimionescu6w@netscape.com,gsimionescu6w,4,3,felis
Mainson,Johannes,jmainson6x@toplist.cz,jmainson6x,4,2,nascetur ridiculus
Matresse,Terza,tmatresse6y@wired.com,tmatresse6y,3,2,potenti cras
Jelkes,Jamill,jjelkes6z@noaa.gov,jjelkes6z,1,2,cras in
Buttfield,Rebeca,rbuttfield70@google.ru,rbuttfield70,2,2,nulla sed
Wreiford,Moina,mwreiford71@webnode.com,mwreiford71,2,4,feugiat et
Bauchop,Lea,lbauchop72@time.com,lbauchop72,1,3,egestas metus
Alekhov,Matti,malekhov73@biglobe.ne.jp,malekhov73,4,2,lacinia
Houdhury,Eirena,ehoudhury74@ycombinator.com,ehoudhury74,3,2,cubilia curae
Kumaar,Laverna,lkumaar75@geocities.jp,lkumaar75,2,1,nec
Serris,Daron,dserris76@bigcartel.com,dserris76,1,3,massa
Tatlow,Liane,ltatlow77@pcworld.com,ltatlow77,4,1,ultrices
Paylie,Karalynn,kpaylie78@stumbleupon.com,kpaylie78,1,3,molestie hendrerit
Bligh,Danna,dbligh79@mozilla.org,dbligh79,3,4,orci
Scading,Candida,cscading7a@buzzfeed.com,cscading7a,3,2,justo sit
Demead,Sunny,sdemead7b@cornell.edu,sdemead7b,1,4,nibh quisque
Tucker,Beulah,btucker7c@sbwire.com,btucker7c,1,2,fusce congue
Elgood,Ronalda,relgood7d@microsoft.com,relgood7d,4,1,sem
Vidgeon,Tammy,tvidgeon7e@csmonitor.com,tvidgeon7e,2,4,non velit
Mixhel,Trisha,tmixhel7f@clickbank.net,tmixhel7f,3,3,lacus curabitur
Faulo,Sayer,sfaulo7g@time.com,sfaulo7g,3,1,faucibus orci
Shortland,Kyrstin,kshortland7h@barnesandnoble.com,kshortland7h,1,2,orci luctus
Braitling,Adham,abraitling7i@npr.org,abraitling7i,3,3,sapien
Garber,Gwenore,ggarber7j@godaddy.com,ggarber7j,3,2,tempus
Brownstein,Tynan,tbrownstein7k@g.co,tbrownstein7k,2,1,vel
Liggons,Sisile,sliggons7l@samsung.com,sliggons7l,4,2,in est
Caldecourt,Anica,acaldecourt7m@indiatimes.com,acaldecourt7m,4,4,sed vel
Fealy,Pete,pfealy7n@hhs.gov,pfealy7n,2,4,iaculis diam
Cattlemull,Amby,acattlemull7o@cam.ac.uk,acattlemull7o,2,4,blandit
Lusk,Morie,mlusk7p@unc.edu,mlusk7p,2,4,pellentesque
Pettyfer,Tomlin,tpettyfer7q@privacy.gov.au,tpettyfer7q,2,2,donec
O'Kennavain,Goldy,gokennavain7r@army.mil,gokennavain7r,4,1,nulla integer
Luipold,Chrystal,cluipold7s@youku.com,cluipold7s,2,4,morbi
Broschek,Niki,nbroschek7t@ning.com,nbroschek7t,2,4,nec euismod
Spradbrow,Tannie,tspradbrow7u@lulu.com,tspradbrow7u,1,4,eros suspendisse
Klaaassen,Gerek,gklaaassen7v@eventbrite.com,gklaaassen7v,4,4,lobortis convallis
Pietasch,Crista,cpietasch7w@admin.ch,cpietasch7w,3,1,in
Cansdall,Annemarie,acansdall7x@scribd.com,acansdall7x,1,3,sit amet
Tames,Yardley,ytames7y@latimes.com,ytames7y,4,2,metus vitae
Blease,Emlyn,eblease7z@businessinsider.com,eblease7z,3,4,in congue
Muspratt,Lauree,lmuspratt80@xing.com,lmuspratt80,3,1,dapibus
Sharnock,Artemas,asharnock81@shareasale.com,asharnock81,2,1,sociis natoque
Labrom,Danella,dlabrom82@webnode.com,dlabrom82,2,2,amet consectetuer
Czaple,Sofia,sczaple83@nih.gov,sczaple83,2,4,quam pede
Cutford,Ansley,acutford84@state.tx.us,acutford84,1,1,imperdiet et
Ervin,Lanny,lervin85@arizona.edu,lervin85,2,2,lorem
Dowdam,Rudd,rdowdam86@simplemachines.org,rdowdam86,3,3,vulputate
Tooley,Giacobo,gtooley87@unicef.org,gtooley87,4,4,facilisi
Bunn,Spence,sbunn88@last.fm,sbunn88,1,1,tristique in
Threader,Regan,rthreader89@printfriendly.com,rthreader89,2,2,pede
Ludye,Emili,eludye8a@nasa.gov,eludye8a,3,3,augue
Tamburi,Obie,otamburi8b@whitehouse.gov,otamburi8b,4,4,erat
Keasley,Leupold,lkeasley8c@shutterfly.com,lkeasley8c,2,2,molestie
Oddie,Annabelle,aoddie8d@nytimes.com,aoddie8d,2,2,tempor
Artin,Seumas,sartin8e@sina.com.cn,sartin8e,4,1,mauris
Muris,Kimberly,kmuris8f@examiner.com,kmuris8f,1,1,aliquet ultrices
Crombleholme,Andee,acrombleholme8g@theguardian.com,acrombleholme8g,2,2,vitae
Jan,Kane,kjan8h@friendfeed.com,kjan8h,4,2,est lacinia
Crumpe,Marcile,mcrumpe8i@europa.eu,mcrumpe8i,3,4,vivamus
Sollars,Kip,ksollars8j@hubpages.com,ksollars8j,1,2,proin
Farge,Harrison,hfarge8k@chron.com,hfarge8k,1,4,ultrices erat
Levens,Pascale,plevens8l@wufoo.com,plevens8l,3,2,eleifend luctus
Meadows,Sib,smeadows8m@slashdot.org,smeadows8m,3,4,sagittis dui
De Zuani,Audrey,adezuani8n@shinystat.com,adezuani8n,3,2,suspendisse potenti
Lathaye,Stephannie,slathaye8o@ow.ly,slathaye8o,2,1,augue
Van Dalen,Cameron,cvandalen8p@51.la,cvandalen8p,4,4,sagittis sapien
Ponter,Sigismondo,sponter8q@google.pl,sponter8q,3,2,morbi
Burge,Alasdair,aburge8r@patch.com,aburge8r,2,2,mus etiam
Hendron,Chiquita,chendron8s@amazon.de,chendron8s,4,2,donec dapibus
Roches,Kirbie,kroches8t@last.fm,kroches8t,4,4,morbi porttitor
McPeeters,Guglielmo,gmcpeeters8u@technorati.com,gmcpeeters8u,1,3,feugiat
O'Donnell,Cherlyn,codonnell8v@pcworld.com,codonnell8v,2,3,sapien ut
Lowdwell,Lelah,llowdwell8w@1und1.de,llowdwell8w,3,3,convallis duis
Vowles,Bebe,bvowles8x@geocities.jp,bvowles8x,3,4,quis
Selly,Antonia,aselly8y@intel.com,aselly8y,4,1,dolor
Gildroy,Lemar,lgildroy8z@aol.com,lgildroy8z,4,1,non mauris
Caso,Shelba,scaso90@people.com.cn,scaso90,2,3,hendrerit
Cotterell,Camella,ccotterell91@networksolutions.com,ccotterell91,4,4,vestibulum quam
O'Rourke,Danna,dorourke92@t.co,dorourke92,1,2,pede lobortis
Possek,Nolly,npossek93@weibo.com,npossek93,3,3,eget nunc
Kimbury,Mandie,mkimbury94@answers.com,mkimbury94,1,3,condimentum
Calbreath,Andros,acalbreath95@spiegel.de,acalbreath95,3,1,non mattis
Steet,Klaus,ksteet96@wikispaces.com,ksteet96,1,3,proin interdum
Clotworthy,Zak,zclotworthy97@cloudflare.com,zclotworthy97,3,4,elit proin
Christauffour,Malina,mchristauffour98@wired.com,mchristauffour98,1,3,proin
Blankman,Tabbi,tblankman99@msn.com,tblankman99,4,1,semper
Ourry,Bridie,bourry9a@mlb.com,bourry9a,1,3,sed lacus
MacClenan,Valera,vmacclenan9b@privacy.gov.au,vmacclenan9b,1,4,lectus
Vaughan,Timofei,tvaughan9c@fda.gov,tvaughan9c,3,2,ut
Keymer,Shaylah,skeymer9d@icio.us,skeymer9d,2,1,in congue
Ranyard,Abbott,aranyard9e@imageshack.us,aranyard9e,2,3,leo pellentesque
Betonia,Berk,bbetonia9f@ask.com,bbetonia9f,2,3,semper
Itzhaki,Idell,iitzhaki9g@ebay.co.uk,iitzhaki9g,2,1,congue
Kuhnt,Conrade,ckuhnt9h@dot.gov,ckuhnt9h,1,4,hac
Roussell,Waylin,wroussell9i@arstechnica.com,wroussell9i,2,2,duis
Giovanetti,Clerissa,cgiovanetti9j@amazon.com,cgiovanetti9j,1,4,ultrices libero
Rickett,Elizabet,erickett9k@sciencedirect.com,erickett9k,2,2,pede libero
MacFayden,Falito,fmacfayden9l@comcast.net,fmacfayden9l,3,2,volutpat
Hasell,Rena,rhasell9m@samsung.com,rhasell9m,2,4,elementum
Kibel,Niels,nkibel9n@opensource.org,nkibel9n,4,3,scelerisque mauris
Hould,Gaylene,ghould9o@canalblog.com,ghould9o,3,4,pulvinar lobortis
Haskell,Vergil,vhaskell9p@webs.com,vhaskell9p,1,1,phasellus
Eaddy,Annamaria,aeaddy9q@ow.ly,aeaddy9q,2,3,cras
Vassie,Theo,tvassie9r@liveinternet.ru,tvassie9r,2,3,vestibulum ac
Ackenhead,Oliy,oackenhead9s@so-net.ne.jp,oackenhead9s,3,3,erat
Schutte,Amitie,aschutte9t@surveymonkey.com,aschutte9t,4,2,leo
Scamaden,Jenilee,jscamaden9u@illinois.edu,jscamaden9u,1,3,odio
Carberry,Tera,tcarberry9v@delicious.com,tcarberry9v,4,1,ligula suspendisse
Miguel,Nike,nmiguel9w@wp.com,nmiguel9w,1,4,sed interdum
Fihelly,Pall,pfihelly9x@nih.gov,pfihelly9x,2,1,diam
Tuke,Joanie,jtuke9y@sogou.com,jtuke9y,3,4,at
Louden,Thacher,tlouden9z@bloomberg.com,tlouden9z,4,4,morbi
Janda,Sheppard,sjandaa0@foxnews.com,sjandaa0,3,2,curae mauris
Emsden,Wenonah,wemsdena1@delicious.com,wemsdena1,4,4,non
Guidelli,Dory,dguidellia2@un.org,dguidellia2,4,3,elementum
Godney,Theobald,tgodneya3@squidoo.com,tgodneya3,4,2,sed vestibulum
Kimmitt,Karisa,kkimmitta4@netvibes.com,kkimmitta4,1,3,libero non
Duffitt,Bettye,bduffitta5@topsy.com,bduffitta5,4,4,nunc commodo
Ocklin,Elinore,eocklina6@dailymotion.com,eocklina6,1,4,ut odio
Nolda,Trstram,tnoldaa7@people.com.cn,tnoldaa7,2,3,nascetur ridiculus
Wimms,Sibeal,swimmsa8@mlb.com,swimmsa8,3,4,erat id
Rosenbloom,Jarret,jrosenblooma9@reverbnation.com,jrosenblooma9,1,3,tristique
McKinless,Kilian,kmckinlessaa@auda.org.au,kmckinlessaa,2,3,mi sit
Basset,Albertine,abassetab@fotki.com,abassetab,3,4,dolor
Shead,Correna,csheadac@wix.com,csheadac,3,2,potenti
Daenen,Kaitlin,kdaenenad@va.gov,kdaenenad,2,1,tellus
Meachen,Starlin,smeachenae@desdev.cn,smeachenae,1,1,vitae
Avraam,Devy,davraamaf@house.gov,davraamaf,1,1,nisl venenatis
Christal,Daphna,dchristalag@amazon.co.jp,dchristalag,4,1,etiam
Fortie,Athena,afortieah@oaic.gov.au,afortieah,2,2,volutpat convallis
Georgius,Kenna,kgeorgiusai@blogger.com,kgeorgiusai,3,2,condimentum
Caldera,Dane,dcalderaaj@miitbeian.gov.cn,dcalderaaj,1,3,luctus et
Oxenham,Skipper,soxenhamak@cisco.com,soxenhamak,4,3,vulputate ut
McConway,Norris,nmcconwayal@ibm.com,nmcconwayal,3,2,donec pharetra
Beckson,Arluene,abecksonam@goo.gl,abecksonam,4,4,mi
Ruller,Ernesta,erulleran@usa.gov,erulleran,4,3,eu nibh
Stapylton,Roscoe,rstapyltonao@bloomberg.com,rstapyltonao,4,3,diam neque
Schmidt,Shannon,sschmidtap@4shared.com,sschmidtap,4,2,morbi a
Rosenfelt,Becki,brosenfeltaq@tiny.cc,brosenfeltaq,3,3,ut
Ellar,Salvador,sellarar@sakura.ne.jp,sellarar,3,3,lacus
Helleker,Alistair,ahellekeras@indiatimes.com,ahellekeras,1,4,sapien
Mordue,Maximo,mmordueat@hostgator.com,mmordueat,1,4,ultrices
Baldi,Ernie,ebaldiau@mlb.com,ebaldiau,2,3,id
Schiell,Chere,cschiellav@privacy.gov.au,cschiellav,3,3,viverra
Romayn,Heddie,hromaynaw@live.com,hromaynaw,3,2,est
Chitter,Darda,dchitterax@who.int,dchitterax,2,1,id mauris
Gammel,Vivie,vgammelay@geocities.jp,vgammelay,1,3,dui
Copcutt,Brody,bcopcuttaz@google.cn,bcopcuttaz,1,1,tortor
Bore,Brodie,bboreb0@wordpress.org,bboreb0,3,3,pede malesuada
Tonn,Paddy,ptonnb1@fastcompany.com,ptonnb1,4,3,est congue
Sawley,Cory,csawleyb2@ocn.ne.jp,csawleyb2,4,3,mauris
Frackiewicz,Emlynne,efrackiewiczb3@columbia.edu,efrackiewiczb3,2,1,sed accumsan
Covell,Malva,mcovellb4@digg.com,mcovellb4,3,4,ac
Triggs,Sadye,striggsb5@woothemes.com,striggsb5,1,3,libero convallis
Laetham,Kattie,klaethamb6@theatlantic.com,klaethamb6,4,2,aliquet maecenas
Bagge,Alvinia,abaggeb7@bravesites.com,abaggeb7,4,4,consequat metus
Rozenbaum,Martino,mrozenbaumb8@bravesites.com,mrozenbaumb8,1,4,proin
Jessope,Field,fjessopeb9@yellowpages.com,fjessopeb9,4,1,pede
McQuode,Bamby,bmcquodeba@google.ru,bmcquodeba,3,2,etiam pretium
McCutcheon,Alard,amccutcheonbb@chronoengine.com,amccutcheonbb,1,2,in
Leidecker,Talbert,tleideckerbc@netvibes.com,tleideckerbc,1,3,sociis
Wombwell,Jorry,jwombwellbd@tinypic.com,jwombwellbd,2,1,diam
Khan,Berri,bkhanbe@usa.gov,bkhanbe,1,4,posuere cubilia
Konig,Clare,ckonigbf@nhs.uk,ckonigbf,2,2,volutpat eleifend
Scurry,Denise,dscurrybg@google.cn,dscurrybg,2,2,maecenas leo
Kimm,Milly,mkimmbh@samsung.com,mkimmbh,1,3,quis tortor
Getty,Paulie,pgettybi@networksolutions.com,pgettybi,3,4,mauris
Munkton,Susanne,smunktonbj@microsoft.com,smunktonbj,1,2,convallis
Blaksland,Errick,eblakslandbk@sciencedirect.com,eblakslandbk,4,3,a pede
Yurtsev,Tamqrah,tyurtsevbl@csmonitor.com,tyurtsevbl,1,1,tortor
Dunster,Ham,hdunsterbm@trellian.com,hdunsterbm,2,3,in est
Mar,Shell,smarbn@mediafire.com,smarbn,4,4,id
Pharo,Devon,dpharobo@imgur.com,dpharobo,1,4,egestas
Fenners,Marieann,mfennersbp@tmall.com,mfennersbp,4,4,nulla mollis
MacAnelley,Avie,amacanelleybq@senate.gov,amacanelleybq,1,3,nec
Attree,Wade,wattreebr@domainmarket.com,wattreebr,1,3,tristique est
Gannicleff,Isabelle,igannicleffbs@youtube.com,igannicleffbs,1,2,ullamcorper
McCrann,Frazer,fmccrannbt@npr.org,fmccrannbt,1,2,pellentesque
Scare,Rozalin,rscarebu@cocolog-nifty.com,rscarebu,3,2,donec
Chaloner,Chad,cchalonerbv@dagondesign.com,cchalonerbv,3,3,nunc purus
Hritzko,Spencer,shritzkobw@hatena.ne.jp,shritzkobw,4,2,libero
Kraft,Butch,bkraftbx@ted.com,bkraftbx,2,3,lacus curabitur
Rubenov,Kassi,krubenovby@cnn.com,krubenovby,1,4,curabitur convallis
Claydon,Nicoline,nclaydonbz@marketwatch.com,nclaydonbz,2,2,lectus
Emmott,Ailbert,aemmottc0@oakley.com,aemmottc0,4,2,morbi porttitor
Semple,Annelise,asemplec1@wunderground.com,asemplec1,1,3,purus
Sinson,Stephanie,ssinsonc2@naver.com,ssinsonc2,1,1,vestibulum
Renzini,Lewie,lrenzinic3@fc2.com,lrenzinic3,2,2,sed augue
Raveau,Ignace,iraveauc4@netvibes.com,iraveauc4,4,3,nulla
Helstrom,Kristoffer,khelstromc5@ow.ly,khelstromc5,2,1,sollicitudin
Rosel,Sherill,sroselc6@github.io,sroselc6,2,2,pede
Ibbs,Davide,dibbsc7@noaa.gov,dibbsc7,4,1,pulvinar lobortis
Peacher,Abby,apeacherc8@indiatimes.com,apeacherc8,4,4,volutpat quam
Pantone,La verne,lpantonec9@vk.com,lpantonec9,1,2,venenatis
Garnam,Rosanna,rgarnamca@japanpost.jp,rgarnamca,4,4,quis
Backshaw,Crin,cbackshawcb@shareasale.com,cbackshawcb,4,3,est congue
Speers,Casar,cspeerscc@about.com,cspeerscc,3,2,magnis dis
Enderle,Krisha,kenderlecd@cnn.com,kenderlecd,2,3,sodales sed
Tringham,Urbain,utringhamce@pinterest.com,utringhamce,2,2,amet nulla
Son,Quincey,qsoncf@admin.ch,qsoncf,1,3,ultrices vel
Yarr,Fionna,fyarrcg@chronoengine.com,fyarrcg,2,2,semper interdum
Chellam,Fonz,fchellamch@gmpg.org,fchellamch,2,1,nullam
O'Doogan,Marieann,modooganci@woothemes.com,modooganci,3,1,sit amet
Kasher,Ethelyn,ekashercj@comsenz.com,ekashercj,3,1,pede
Walne,Nickolas,nwalneck@icq.com,nwalneck,2,3,eu
Godbold,Kory,kgodboldcl@boston.com,kgodboldcl,4,3,auctor gravida
Cassidy,Kristien,kcassidycm@de.vu,kcassidycm,4,2,pellentesque
Tagg,Winona,wtaggcn@columbia.edu,wtaggcn,3,2,scelerisque
Rizzillo,Roslyn,rrizzilloco@infoseek.co.jp,rrizzilloco,2,3,ut tellus
Impleton,Hephzibah,himpletoncp@yolasite.com,himpletoncp,1,3,lorem
Jako,Bogey,bjakocq@bigcartel.com,bjakocq,2,4,augue vel
Powrie,Halli,hpowriecr@spotify.com,hpowriecr,1,1,vitae mattis
Auckland,Niles,naucklandcs@hexun.com,naucklandcs,1,1,enim
Conrart,Etty,econrartct@tripod.com,econrartct,3,4,rutrum
Bailie,Meryl,mbailiecu@ovh.net,mbailiecu,2,3,leo pellentesque
Lindman,Whitaker,wlindmancv@amazon.com,wlindmancv,2,4,pellentesque ultrices
Tales,Ardella,atalescw@sitemeter.com,atalescw,3,1,odio
Futter,Jory,jfuttercx@flavors.me,jfuttercx,4,1,adipiscing
Gansbuhler,Tiffani,tgansbuhlercy@t.co,tgansbuhlercy,2,3,consectetuer adipiscing
Annand,Alvan,aannandcz@paginegialle.it,aannandcz,1,1,sapien
Rubenfeld,Haydon,hrubenfeldd0@desdev.cn,hrubenfeldd0,4,4,aenean
Brunetti,Cherin,cbrunettid1@theglobeandmail.com,cbrunettid1,4,3,praesent id
Begley,Harlene,hbegleyd2@devhub.com,hbegleyd2,4,2,sed vestibulum
Sea,Ignaz,isead3@qq.com,isead3,4,2,in blandit
Willmott,Valene,vwillmottd4@arstechnica.com,vwillmottd4,1,4,sed magna
Crumly,Chrisy,ccrumlyd5@csmonitor.com,ccrumlyd5,3,2,neque vestibulum
Kermode,Austen,akermoded6@sbwire.com,akermoded6,3,2,integer a
Ferneley,Emogene,eferneleyd7@prweb.com,eferneleyd7,3,1,pede
Dalgarnowch,Maxie,mdalgarnowchd8@bbc.co.uk,mdalgarnowchd8,4,2,non sodales
Askem,Felicio,faskemd9@ebay.com,faskemd9,1,4,viverra dapibus
Fettiplace,Horton,hfettiplaceda@wikispaces.com,hfettiplaceda,2,4,nec
Shaylor,Vin,vshaylordb@netvibes.com,vshaylordb,1,1,cubilia curae
Kinton,Niko,nkintondc@weather.com,nkintondc,1,3,morbi
Pellamonuten,Merilee,mpellamonutendd@lycos.com,mpellamonutendd,4,3,accumsan odio
Foxon,Lief,lfoxonde@ehow.com,lfoxonde,2,4,nulla quisque
Zmitrovich,Nellie,nzmitrovichdf@phoca.cz,nzmitrovichdf,4,1,iaculis congue
Branton,Maurie,mbrantondg@stumbleupon.com,mbrantondg,4,2,libero ut
Heasly,Paulette,pheaslydh@theatlantic.com,pheaslydh,1,1,dapibus at
Patrickson,Erma,epatricksondi@smugmug.com,epatricksondi,2,1,quam
Ponde,Sharity,spondedj@topsy.com,spondedj,1,4,mi nulla
Corrison,Vanda,vcorrisondk@list-manage.com,vcorrisondk,4,1,sit
Marages,Tabb,tmaragesdl@arizona.edu,tmaragesdl,1,2,felis
Climo,Jermayne,jclimodm@foxnews.com,jclimodm,1,3,eget massa
Tumielli,Berny,btumiellidn@cnbc.com,btumiellidn,1,2,purus eu
Baiyle,Peria,pbaiyledo@51.la,pbaiyledo,2,1,sollicitudin
Osichev,Ferrel,fosichevdp@engadget.com,fosichevdp,3,2,pharetra magna
Gedney,Gustavus,ggedneydq@ameblo.jp,ggedneydq,1,4,phasellus sit
Hobell,Ariella,ahobelldr@blogger.com,ahobelldr,2,4,ac
Dumphy,Donnajean,ddumphyds@constantcontact.com,ddumphyds,1,3,sapien
Collibear,Ricki,rcollibeardt@webeden.co.uk,rcollibeardt,2,4,cursus id
McGorley,Kathye,kmcgorleydu@delicious.com,kmcgorleydu,4,3,est
Dacke,Lindsy,ldackedv@feedburner.com,ldackedv,2,1,in faucibus
Shellibeer,Thebault,tshellibeerdw@reuters.com,tshellibeerdw,1,1,nec
Iveson,Raven,rivesondx@homestead.com,rivesondx,1,2,vehicula consequat
Conneau,Oralia,oconneaudy@so-net.ne.jp,oconneaudy,2,4,magna vestibulum
Eronie,Dulsea,deroniedz@wix.com,deroniedz,2,2,vestibulum
Toffolini,Glenda,gtoffolinie0@wordpress.org,gtoffolinie0,2,2,hac habitasse
Saul,Hurleigh,hsaule1@craigslist.org,hsaule1,2,4,tempus vivamus
Chesworth,Tatiania,tchesworthe2@mac.com,tchesworthe2,4,1,suspendisse
Shuard,Olenka,oshuarde3@admin.ch,oshuarde3,1,2,sollicitudin
Younger,Rosalinde,ryoungere4@lycos.com,ryoungere4,4,3,fermentum donec
Hanburry,Maude,mhanburrye5@marriott.com,mhanburrye5,3,2,mi in
Spolton,Kai,kspoltone6@si.edu,kspoltone6,4,1,nulla
Wennam,Glenna,gwenname7@biblegateway.com,gwenname7,1,3,duis
Marston,Gene,gmarstone8@reference.com,gmarstone8,1,2,in faucibus
Gilbard,Urbano,ugilbarde9@google.nl,ugilbarde9,3,4,habitasse
Martschke,Martina,mmartschkeea@dell.com,mmartschkeea,1,4,amet
Height,Eleanor,eheighteb@businessweek.com,eheighteb,1,1,eu
Pylkynyton,Maximo,mpylkynytonec@thetimes.co.uk,mpylkynytonec,2,3,ultrices
Bestiman,Myrtle,mbestimaned@samsung.com,mbestimaned,4,1,non
Pashan,Kippar,kpashanee@blogtalkradio.com,kpashanee,3,2,et magnis
Hatzar,Gavan,ghatzaref@epa.gov,ghatzaref,1,1,imperdiet
O'Rowane,Kaleb,korowaneeg@so-net.ne.jp,korowaneeg,1,1,ac nibh
Sergeaunt,Alexander,asergeaunteh@ycombinator.com,asergeaunteh,1,4,lobortis
Quinnette,Ramonda,rquinnetteei@fda.gov,rquinnetteei,2,4,nulla tellus
Wait,Kirsten,kwaitej@google.ru,kwaitej,1,1,eros suspendisse
Steere,Pyotr,psteereek@pinterest.com,psteereek,2,3,in hac
D'Emanuele,Korney,kdemanueleel@imdb.com,kdemanueleel,1,4,ut
Dyball,Vi,vdyballem@answers.com,vdyballem,1,3,luctus tincidunt
Hamments,Rafaela,rhammentsen@cbc.ca,rhammentsen,2,2,lobortis
Stratz,Arleyne,astratzeo@ibm.com,astratzeo,1,3,ligula
Kilian,Billie,bkilianep@tinypic.com,bkilianep,2,3,quis
Bare,Mack,mbareeq@indiatimes.com,mbareeq,2,3,curabitur
Caron,Melodie,mcaroner@drupal.org,mcaroner,2,1,quis
Jozsef,Dennis,djozsefes@about.me,djozsefes,2,4,sed tincidunt
Desport,Tiertza,tdesportet@cocolog-nifty.com,tdesportet,3,4,luctus
Machans,Ingelbert,imachanseu@ucoz.ru,imachanseu,3,3,congue
Cossins,Hy,hcossinsev@t-online.de,hcossinsev,2,4,ipsum integer
Arderne,Clayton,carderneew@fema.gov,carderneew,3,4,quam
Doward,Pen,pdowardex@arstechnica.com,pdowardex,4,2,sapien
Durkin,Gina,gdurkiney@github.io,gdurkiney,3,2,sem
Shouler,Tammie,tshoulerez@soup.io,tshoulerez,1,2,mi
Cordes,Jacquette,jcordesf0@163.com,jcordesf0,3,3,eu tincidunt
Searby,Eloisa,esearbyf1@deviantart.com,esearbyf1,4,3,morbi
Arent,Margaux,marentf2@hostgator.com,marentf2,2,1,at
Westgate,Cathrin,cwestgatef3@rediff.com,cwestgatef3,4,1,lectus
Gilbanks,Camile,cgilbanksf4@github.com,cgilbanksf4,4,2,luctus
Mainwaring,Nilson,nmainwaringf5@xing.com,nmainwaringf5,1,2,eros vestibulum
Ollerhad,Jaquenetta,jollerhadf6@netvibes.com,jollerhadf6,1,1,tortor quis
Beeres,Kaia,kbeeresf7@cdbaby.com,kbeeresf7,2,4,lacus purus
Schiersch,Hymie,hschierschf8@narod.ru,hschierschf8,3,2,vitae
Matokhnin,Rolando,rmatokhninf9@si.edu,rmatokhninf9,3,3,condimentum
Bloss,Pincus,pblossfa@tamu.edu,pblossfa,4,3,tellus nulla
MacNab,Marti,mmacnabfb@loc.gov,mmacnabfb,2,1,justo
Lindsell,Pat,plindsellfc@slideshare.net,plindsellfc,4,2,blandit
Marshfield,Deena,dmarshfieldfd@usa.gov,dmarshfieldfd,4,1,orci eget
Clausius,Brittani,bclausiusfe@nps.gov,bclausiusfe,2,1,justo aliquam
Puckrin,Sinclair,spuckrinff@cisco.com,spuckrinff,3,1,tempus vivamus
Halleybone,Diandra,dhalleybonefg@businessinsider.com,dhalleybonefg,2,2,cursus urna
Greason,Konstance,kgreasonfh@yelp.com,kgreasonfh,3,4,fermentum donec
Lebell,Ahmed,alebellfi@woothemes.com,alebellfi,2,1,pede posuere
Bengoechea,Clement,cbengoecheafj@independent.co.uk,cbengoecheafj,4,4,quam
Watkinson,Dotty,dwatkinsonfk@oracle.com,dwatkinsonfk,1,2,et magnis
Gleeson,Ginelle,ggleesonfl@acquirethisname.com,ggleesonfl,3,2,in
MacGee,Olin,omacgeefm@businessinsider.com,omacgeefm,3,1,posuere felis
Tremblett,Kelvin,ktremblettfn@cmu.edu,ktremblettfn,3,1,sit amet
Rowntree,Elwira,erowntreefo@nasa.gov,erowntreefo,1,4,lorem integer
Hachette,Gennie,ghachettefp@tinypic.com,ghachettefp,4,1,nisl nunc
Rops,Suki,sropsfq@scientificamerican.com,sropsfq,3,2,et eros
Agglione,Armand,aagglionefr@discovery.com,aagglionefr,3,2,nulla eget
Lambell,Antonie,alambellfs@pagesperso-orange.fr,alambellfs,3,2,enim blandit
Northeast,Lauretta,lnortheastft@cnn.com,lnortheastft,4,4,pede
Obington,Celeste,cobingtonfu@goodreads.com,cobingtonfu,4,4,in
Alfonzo,Arlan,aalfonzofv@microsoft.com,aalfonzofv,1,1,ante ipsum
Timmins,Merrel,mtimminsfw@ezinearticles.com,mtimminsfw,2,1,enim in
Grumell,Abba,agrumellfx@dell.com,agrumellfx,1,2,aliquam quis
Pococke,Lynnea,lpocockefy@miitbeian.gov.cn,lpocockefy,2,4,cubilia
Yaknov,Julianna,jyaknovfz@behance.net,jyaknovfz,4,2,diam
Brady,Lenna,lbradyg0@icio.us,lbradyg0,4,4,habitasse platea
Haensel,Kym,khaenselg1@lulu.com,khaenselg1,1,4,ultrices
Klemmt,Errick,eklemmtg2@booking.com,eklemmtg2,3,2,aliquam convallis
Khadir,Wit,wkhadirg3@hatena.ne.jp,wkhadirg3,3,1,in
Skehan,Merl,mskehang4@statcounter.com,mskehang4,3,2,mauris
Delhay,Vanda,vdelhayg5@quantcast.com,vdelhayg5,2,4,auctor sed
Daymond,Garv,gdaymondg6@discovery.com,gdaymondg6,4,3,nam
Sustins,Cammy,csustinsg7@vinaora.com,csustinsg7,4,4,dis parturient
Coventon,Donelle,dcoventong8@dyndns.org,dcoventong8,4,3,donec quis
Tertre,Nerita,ntertreg9@apache.org,ntertreg9,4,2,justo eu
Cheyney,Cornell,ccheyneyga@webs.com,ccheyneyga,2,4,eget
Lipman,Kalie,klipmangb@hud.gov,klipmangb,1,3,integer
Abbitt,Malorie,mabbittgc@csmonitor.com,mabbittgc,3,4,rutrum
Landells,Claudio,clandellsgd@dropbox.com,clandellsgd,3,4,vel augue
Soares,Bartlet,bsoaresge@flickr.com,bsoaresge,1,4,faucibus orci
Sedgman,Mord,msedgmangf@smh.com.au,msedgmangf,4,4,cras pellentesque
Hutten,Alverta,ahuttengg@webs.com,ahuttengg,2,2,aenean lectus
Bordes,Hube,hbordesgh@wordpress.com,hbordesgh,4,4,erat
Hancorn,Anissa,ahancorngi@archive.org,ahancorngi,3,3,proin at
Winnard,Sinclare,swinnardgj@soup.io,swinnardgj,3,2,quam
Mincini,Rubi,rmincinigk@businesswire.com,rmincinigk,1,3,aliquam
Rechert,Rafaelia,rrechertgl@census.gov,rrechertgl,1,2,tortor sollicitudin
Lumsdall,Vere,vlumsdallgm@360.cn,vlumsdallgm,1,1,ut
Horick,Irma,ihorickgn@freewebs.com,ihorickgn,1,3,semper sapien
Tuffey,Ronnie,rtuffeygo@npr.org,rtuffeygo,4,1,mattis
Chalder,Dionisio,dchaldergp@wufoo.com,dchaldergp,2,4,morbi a
Hampshaw,Aggi,ahampshawgq@twitpic.com,ahampshawgq,2,3,parturient
Basketter,Ailee,abaskettergr@disqus.com,abaskettergr,1,1,eget eleifend
Sear,Giordano,gseargs@free.fr,gseargs,2,3,elementum
Langeley,Richard,rlangeleygt@yandex.ru,rlangeleygt,4,1,mattis
Baldack,Lanni,lbaldackgu@mit.edu,lbaldackgu,1,4,feugiat
Heimann,Winn,wheimanngv@yale.edu,wheimanngv,4,2,lobortis
Cristofari,Britta,bcristofarigw@buzzfeed.com,bcristofarigw,2,2,in hac
Jervois,Barton,bjervoisgx@hc360.com,bjervoisgx,4,2,in
Stud,Randolf,rstudgy@t-online.de,rstudgy,4,4,nunc
Steddall,Eliza,esteddallgz@delicious.com,esteddallgz,1,3,montes nascetur
Fairlamb,Wilton,wfairlambh0@stumbleupon.com,wfairlambh0,2,3,mauris
Breheny,Tomasine,tbrehenyh1@wix.com,tbrehenyh1,4,3,faucibus accumsan
Bushell,Ivory,ibushellh2@digg.com,ibushellh2,1,4,vel accumsan
Nulty,Shawnee,snultyh3@github.com,snultyh3,1,2,nullam orci
Zupo,Micky,mzupoh4@ox.ac.uk,mzupoh4,2,3,potenti
Edwicke,Brit,bedwickeh5@i2i.jp,bedwickeh5,4,3,natoque penatibus
Line,Clementina,clineh6@mayoclinic.com,clineh6,1,3,tristique tortor
Eastridge,Jennette,jeastridgeh7@hubpages.com,jeastridgeh7,3,4,montes nascetur
Pandya,Laurie,lpandyah8@bloglovin.com,lpandyah8,1,4,orci luctus
Bragge,Jereme,jbraggeh9@goodreads.com,jbraggeh9,2,4,augue quam
Dunnan,Alia,adunnanha@ftc.gov,adunnanha,3,2,potenti in
Pettit,Maryann,mpettithb@sohu.com,mpettithb,4,3,nulla
Lewnden,Husain,hlewndenhc@deliciousdays.com,hlewndenhc,4,4,in congue
Bloxham,Cherlyn,cbloxhamhd@wordpress.org,cbloxhamhd,4,1,nulla dapibus
Perrett,Courtney,cperretthe@cbc.ca,cperretthe,2,4,condimentum curabitur
Rosenboim,Stevena,srosenboimhf@sogou.com,srosenboimhf,4,2,leo
Baythrop,Mira,mbaythrophg@earthlink.net,mbaythrophg,3,2,ante
Gabbatiss,Woodman,wgabbatisshh@furl.net,wgabbatisshh,4,1,quam
Huxstep,Fletcher,fhuxstephi@guardian.co.uk,fhuxstephi,2,4,vitae nisi
Baistow,Olimpia,obaistowhj@google.com.br,obaistowhj,3,1,a odio
Klees,Marleen,mkleeshk@example.com,mkleeshk,4,4,cras
Morais,Alina,amoraishl@patch.com,amoraishl,4,2,accumsan tellus
Slack,Rinaldo,rslackhm@guardian.co.uk,rslackhm,2,1,bibendum morbi
London,Aldo,alondonhn@weebly.com,alondonhn,4,4,egestas
Dodshun,Candie,cdodshunho@pen.io,cdodshunho,2,2,mi integer
Suff,Sandor,ssuffhp@globo.com,ssuffhp,2,2,massa
Offener,Aldon,aoffenerhq@miitbeian.gov.cn,aoffenerhq,3,1,ultrices posuere
Dainton,Horton,hdaintonhr@scientificamerican.com,hdaintonhr,1,1,in
Wearing,Mervin,mwearinghs@wsj.com,mwearinghs,1,4,est lacinia
Brimming,Valentijn,vbrimminght@fastcompany.com,vbrimminght,3,1,vitae ipsum
Meadowcroft,Miles,mmeadowcrofthu@timesonline.co.uk,mmeadowcrofthu,4,4,magnis
Laterza,Garold,glaterzahv@businessweek.com,glaterzahv,4,4,ut massa
O'Lenane,Fulton,folenanehw@trellian.com,folenanehw,3,1,nonummy integer
Beveridge,Luella,lbeveridgehx@cloudflare.com,lbeveridgehx,2,1,morbi ut
Rosberg,Eleanora,erosberghy@ow.ly,erosberghy,2,4,tortor duis
Metham,Kristy,kmethamhz@prnewswire.com,kmethamhz,2,4,id pretium
Gartrell,Torry,tgartrelli0@house.gov,tgartrelli0,2,3,sapien cum
Hardwin,Fern,fhardwini1@tripod.com,fhardwini1,4,3,donec ut
Griggs,Zak,zgriggsi2@hao123.com,zgriggsi2,3,1,amet
Pinckney,Happy,hpinckneyi3@ucoz.com,hpinckneyi3,2,4,condimentum curabitur
Palmar,Giovanni,gpalmari4@sfgate.com,gpalmari4,1,4,viverra dapibus
Sawbridge,Ennis,esawbridgei5@stumbleupon.com,esawbridgei5,2,4,sed
Bewfield,Analiese,abewfieldi6@hao123.com,abewfieldi6,2,4,pulvinar sed
Dash,Tina,tdashi7@csmonitor.com,tdashi7,2,2,posuere
McMenamy,Ronalda,rmcmenamyi8@cloudflare.com,rmcmenamyi8,2,2,duis ac
De la Zenne,Corinna,cdelazennei9@linkedin.com,cdelazennei9,3,4,eleifend
Walby,Georas,gwalbyia@guardian.co.uk,gwalbyia,2,3,volutpat
Blazdell,Nixie,nblazdellib@youtu.be,nblazdellib,4,3,dolor morbi
Tilliard,Leodora,ltilliardic@theglobeandmail.com,ltilliardic,3,3,vel accumsan
Vasyunkin,Aldridge,avasyunkinid@dagondesign.com,avasyunkinid,1,2,massa
Minnette,Arlene,aminnetteie@newsvine.com,aminnetteie,3,2,justo nec
Chasle,Kellen,kchasleif@ucoz.com,kchasleif,1,2,leo rhoncus
Braikenridge,Mei,mbraikenridgeig@simplemachines.org,mbraikenridgeig,3,1,volutpat
Excell,Aylmar,aexcellih@pagesperso-orange.fr,aexcellih,2,1,lectus
Cayser,Katerina,kcayserii@businessweek.com,kcayserii,1,4,ut
Titmuss,Roger,rtitmussij@howstuffworks.com,rtitmussij,1,3,ut odio
Chattington,Reginauld,rchattingtonik@is.gd,rchattingtonik,4,2,augue
Tower,Jacob,jtoweril@wp.com,jtoweril,2,2,justo sit
Lanham,Godwin,glanhamim@sbwire.com,glanhamim,3,3,donec
Grocutt,Scarlet,sgrocuttin@scribd.com,sgrocuttin,4,2,lectus in
Rawdall,Shanan,srawdallio@weebly.com,srawdallio,3,1,ac
Bossons,Ashil,abossonsip@tripadvisor.com,abossonsip,4,1,luctus cum
MacMickan,Mirabella,mmacmickaniq@comcast.net,mmacmickaniq,3,1,ut
Kardos,Corine,ckardosir@paginegialle.it,ckardosir,4,4,rutrum at
Sposito,Honey,hspositois@theatlantic.com,hspositois,1,1,in sapien
Twinn,Leann,ltwinnit@surveymonkey.com,ltwinnit,1,2,eleifend
Heisler,Cherry,cheisleriu@ask.com,cheisleriu,2,3,iaculis
Tapin,Shermie,stapiniv@virginia.edu,stapiniv,1,1,justo
Crew,Estella,ecrewiw@icq.com,ecrewiw,2,4,aliquet massa
Cabera,Wilie,wcaberaix@google.ru,wcaberaix,1,2,odio
Malthus,Andy,amalthusiy@spiegel.de,amalthusiy,2,1,phasellus
Mohammed,Garwin,gmohammediz@ed.gov,gmohammediz,4,4,pede
Kennaird,Alexei,akennairdj0@cbslocal.com,akennairdj0,1,3,in magna
Raraty,Randie,rraratyj1@mit.edu,rraratyj1,1,2,mi integer
Gammon,Elvis,egammonj2@nbcnews.com,egammonj2,1,2,in
Horsefield,Odelia,ohorsefieldj3@sun.com,ohorsefieldj3,1,2,venenatis
Croall,Malinde,mcroallj4@canalblog.com,mcroallj4,2,4,erat volutpat
Martyn,Kipper,kmartynj5@nbcnews.com,kmartynj5,2,3,tristique
Danielsson,Shandie,sdanielssonj6@sbwire.com,sdanielssonj6,1,4,massa
Tankin,Sal,stankinj7@quantcast.com,stankinj7,3,2,convallis
Blackwood,Chrissie,cblackwoodj8@theglobeandmail.com,cblackwoodj8,1,4,velit
Offener,Margie,moffenerj9@rambler.ru,moffenerj9,1,4,sit
McIlvenna,Silvain,smcilvennaja@hp.com,smcilvennaja,3,2,bibendum morbi
O'Cullinane,Micheil,mocullinanejb@yolasite.com,mocullinanejb,1,2,amet nulla
Lockett,Alwin,alockettjc@techcrunch.com,alockettjc,4,2,nam nulla
Wass,Cindelyn,cwassjd@youtube.com,cwassjd,4,3,tempus
Coller,Aurelie,acollerje@booking.com,acollerje,1,4,rhoncus mauris
Josephoff,Devy,djosephoffjf@youku.com,djosephoffjf,1,2,morbi non
Bilyard,Louis,lbilyardjg@eepurl.com,lbilyardjg,4,3,sit
Hoble,Wally,whoblejh@un.org,whoblejh,2,1,nisl
Cardnell,Mohandas,mcardnellji@huffingtonpost.com,mcardnellji,3,3,ante
Holston,Tabbie,tholstonjj@nasa.gov,tholstonjj,3,4,morbi
Rackstraw,Dela,drackstrawjk@microsoft.com,drackstrawjk,2,4,posuere cubilia
Doyley,Nelie,ndoyleyjl@freewebs.com,ndoyleyjl,1,2,eget eleifend
Grzeskowski,Catina,cgrzeskowskijm@google.com.hk,cgrzeskowskijm,4,1,at
Bartolijn,Becki,bbartolijnjn@independent.co.uk,bbartolijnjn,4,1,a
Cronkshaw,Roseanne,rcronkshawjo@dion.ne.jp,rcronkshawjo,4,4,consequat
Napolitano,Charin,cnapolitanojp@patch.com,cnapolitanojp,1,4,vitae nisl
Cordier,Clemens,ccordierjq@people.com.cn,ccordierjq,3,1,mattis
Ingarfill,Farrah,fingarfilljr@webeden.co.uk,fingarfilljr,4,4,amet eleifend
Sear,Bordie,bsearjs@bloglines.com,bsearjs,3,1,tempor convallis
Burner,Marie,mburnerjt@who.int,mburnerjt,2,1,eleifend donec
Peltz,Alli,apeltzju@google.ca,apeltzju,2,3,amet
Faulkener,Collette,cfaulkenerjv@360.cn,cfaulkenerjv,2,1,dui
Edess,Ileane,iedessjw@fda.gov,iedessjw,3,1,sed nisl
Ubanks,Read,rubanksjx@oaic.gov.au,rubanksjx,3,2,lorem vitae
Hamsson,Ennis,ehamssonjy@sciencedirect.com,ehamssonjy,2,2,habitasse
Diben,Carl,cdibenjz@last.fm,cdibenjz,2,4,etiam vel
Nolot,Moreen,mnolotk0@dyndns.org,mnolotk0,4,2,dictumst
Nicolson,Hort,hnicolsonk1@privacy.gov.au,hnicolsonk1,1,1,vitae
Bernhart,Lanie,lbernhartk2@hao123.com,lbernhartk2,4,2,aliquet maecenas
Baulcombe,Bevon,bbaulcombek3@go.com,bbaulcombek3,4,1,pede venenatis
Fortune,Lisa,lfortunek4@1und1.de,lfortunek4,3,2,ac
Cudihy,Sandro,scudihyk5@naver.com,scudihyk5,3,1,urna ut
Stubbes,Torr,tstubbesk6@soundcloud.com,tstubbesk6,4,1,elementum pellentesque
Carnock,Burnaby,bcarnockk7@fastcompany.com,bcarnockk7,2,2,nulla dapibus
Harvey,Roslyn,rharveyk8@bing.com,rharveyk8,4,3,massa quis
Smitheram,Brandyn,bsmitheramk9@slashdot.org,bsmitheramk9,3,1,justo in
Friese,Sallyann,sfrieseka@salon.com,sfrieseka,1,4,erat
Hasker,Krishna,khaskerkb@creativecommons.org,khaskerkb,4,3,ridiculus mus
MacCarrane,Leela,lmaccarranekc@moonfruit.com,lmaccarranekc,1,4,sit
Gadesby,Nefen,ngadesbykd@opera.com,ngadesbykd,1,3,vel augue
Medcalf,Hilliary,hmedcalfke@fastcompany.com,hmedcalfke,1,1,massa volutpat
Matyashev,Zechariah,zmatyashevkf@webeden.co.uk,zmatyashevkf,2,2,condimentum
Lean,Brinna,bleankg@sphinn.com,bleankg,2,1,ipsum integer
Swaby,Ranique,rswabykh@soundcloud.com,rswabykh,4,3,arcu
Sharman,Danila,dsharmanki@seesaa.net,dsharmanki,1,3,aliquam
How,Portie,phowkj@ftc.gov,phowkj,4,4,volutpat sapien
Starsmeare,Budd,bstarsmearekk@ucoz.ru,bstarsmearekk,4,4,et tempus
Whiteside,Inglebert,iwhitesidekl@behance.net,iwhitesidekl,1,3,donec
Simkovich,Celestia,csimkovichkm@wix.com,csimkovichkm,1,3,non interdum
Depport,Berti,bdepportkn@networkadvertising.org,bdepportkn,1,1,curabitur in
Aldrich,Phelia,paldrichko@cnet.com,paldrichko,2,1,augue vestibulum
Hollindale,Llewellyn,lhollindalekp@shutterfly.com,lhollindalekp,4,3,vel
Lewzey,Vicky,vlewzeykq@aol.com,vlewzeykq,4,2,quisque
Gledhall,Caitlin,cgledhallkr@unblog.fr,cgledhallkr,3,4,sapien
Palmer,Fredrika,fpalmerks@addtoany.com,fpalmerks,3,2,phasellus
Lanceley,Hermy,hlanceleykt@phoca.cz,hlanceleykt,3,2,erat
Vergine,Garreth,gvergineku@yandex.ru,gvergineku,1,1,vestibulum
Mion,Dianna,dmionkv@ftc.gov,dmionkv,3,2,ac lobortis
Drew-Clifton,Levy,ldrewcliftonkw@dmoz.org,ldrewcliftonkw,3,2,vivamus
Kienl,Balduin,bkienlkx@51.la,bkienlkx,1,3,nullam
Saiens,Frederico,fsaiensky@blogs.com,fsaiensky,2,2,donec
Ever,Eugenius,eeverkz@nytimes.com,eeverkz,1,3,luctus
Scahill,Bobby,bscahilll0@plala.or.jp,bscahilll0,2,3,tempus
McCoy,Josefina,jmccoyl1@sfgate.com,jmccoyl1,4,3,nulla
Girardetti,Karlen,kgirardettil2@cnet.com,kgirardettil2,1,4,sed
Shallcrass,Tiffanie,tshallcrassl3@vinaora.com,tshallcrassl3,2,2,nullam
Martell,Godfry,gmartelll4@msu.edu,gmartelll4,1,3,blandit non
Hamflett,Liza,lhamflettl5@printfriendly.com,lhamflettl5,2,4,iaculis justo
Rushmere,Dexter,drushmerel6@skyrock.com,drushmerel6,3,1,platea
MacTerlagh,Robin,rmacterlaghl7@over-blog.com,rmacterlaghl7,1,2,neque vestibulum
Kinneally,Catherina,ckinneallyl8@reddit.com,ckinneallyl8,3,1,massa quis
Goodacre,Bar,bgoodacrel9@ed.gov,bgoodacrel9,3,1,interdum venenatis
Meade,Tremayne,tmeadela@salon.com,tmeadela,1,2,luctus tincidunt
Mattersey,Tiffany,tmatterseylb@ifeng.com,tmatterseylb,1,1,aenean fermentum
Arnholtz,Frankie,farnholtzlc@utexas.edu,farnholtzlc,3,1,vulputate nonummy
Mabee,Kitti,kmabeeld@163.com,kmabeeld,2,1,sit
Cheale,Avie,achealele@cnbc.com,achealele,3,2,consequat lectus
Myall,Kissee,kmyalllf@taobao.com,kmyalllf,1,4,quam turpis
Scarlin,Katalin,kscarlinlg@vinaora.com,kscarlinlg,2,1,eget tempus
Merrgen,Whitaker,wmerrgenlh@domainmarket.com,wmerrgenlh,2,2,amet sem
Miklem,Sergent,smiklemli@naver.com,smiklemli,4,2,convallis nunc
Clinnick,Lorraine,lclinnicklj@businesswire.com,lclinnicklj,2,2,est quam
German,Jereme,jgermanlk@comsenz.com,jgermanlk,1,2,vestibulum sed
Giron,Nanette,ngironll@mlb.com,ngironll,2,2,tempor turpis
Beavis,Cazzie,cbeavislm@usatoday.com,cbeavislm,4,3,risus
Knee,Andreas,akneeln@amazon.de,akneeln,1,4,posuere metus
Catmull,Enrique,ecatmulllo@amazon.co.jp,ecatmulllo,1,2,ut dolor
Attwool,Joletta,jattwoollp@sphinn.com,jattwoollp,1,4,parturient
Eton,Lanie,letonlq@ycombinator.com,letonlq,3,1,parturient montes
Kubatsch,Ban,bkubatschlr@friendfeed.com,bkubatschlr,1,2,luctus
Scothorne,Alec,ascothornels@blogs.com,ascothornels,2,1,tortor duis
Trinbey,Berk,btrinbeylt@eepurl.com,btrinbeylt,3,4,vel
Rennels,Jed,jrennelslu@baidu.com,jrennelslu,1,4,erat eros
Foulger,Jami,jfoulgerlv@arizona.edu,jfoulgerlv,2,4,ac
Cancellieri,Willow,wcancellierilw@techcrunch.com,wcancellierilw,4,3,felis donec
Woolerton,Sacha,swoolertonlx@elpais.com,swoolertonlx,2,3,in faucibus
Hayers,Carissa,chayersly@friendfeed.com,chayersly,4,4,ut
Butting,Florella,fbuttinglz@sitemeter.com,fbuttinglz,4,4,ligula vehicula
Tilliards,Val,vtilliardsm0@wp.com,vtilliardsm0,2,2,sed vel
Clerke,Blithe,bclerkem1@drupal.org,bclerkem1,4,3,nunc
Vedeneev,Jobina,jvedeneevm2@europa.eu,jvedeneevm2,3,4,nec
Benedikt,Desirae,dbenediktm3@dagondesign.com,dbenediktm3,3,1,ut
Ionnisian,Lawry,lionnisianm4@dion.ne.jp,lionnisianm4,4,1,quisque ut
Falkinder,Petunia,pfalkinderm5@seesaa.net,pfalkinderm5,1,2,placerat ante
Pheasey,Sasha,spheaseym6@discuz.net,spheaseym6,4,1,platea
Boulsher,Sydel,sboulsherm7@uiuc.edu,sboulsherm7,2,1,lectus
Fairrie,Biron,bfairriem8@cafepress.com,bfairriem8,4,3,ac
Hunnam,Rufe,rhunnamm9@dailymotion.com,rhunnamm9,2,2,suspendisse potenti
Manilo,Sarene,smaniloma@naver.com,smaniloma,1,4,in
Shugg,Trina,tshuggmb@fema.gov,tshuggmb,4,1,ipsum integer
Likly,Bram,bliklymc@state.tx.us,bliklymc,2,1,ac
Christofor,Julianna,jchristoformd@reference.com,jchristoformd,4,4,eget
Ealles,Mirilla,meallesme@yellowbook.com,meallesme,2,4,est
Jerwood,Gertie,gjerwoodmf@java.com,gjerwoodmf,2,4,eleifend
Harper,Dougie,dharpermg@baidu.com,dharpermg,3,1,sapien
Castan,Douglas,dcastanmh@kickstarter.com,dcastanmh,2,4,morbi
Sporle,Dahlia,dsporlemi@ning.com,dsporlemi,1,1,dui proin
Fereday,Rebeka,rferedaymj@paginegialle.it,rferedaymj,2,3,blandit
Mogridge,Jeanie,jmogridgemk@who.int,jmogridgemk,3,3,mauris morbi
Moreno,Tabbie,tmorenoml@cbslocal.com,tmorenoml,2,2,vel accumsan
Heatherington,Richardo,rheatheringtonmm@sphinn.com,rheatheringtonmm,4,2,sed
Larkings,Augie,alarkingsmn@360.cn,alarkingsmn,4,1,imperdiet
Biddwell,Loy,lbiddwellmo@berkeley.edu,lbiddwellmo,4,3,amet justo
Labitt,Jocelin,jlabittmp@ebay.co.uk,jlabittmp,4,1,leo maecenas
Aymer,Ursola,uaymermq@yahoo.com,uaymermq,3,4,phasellus
Dumphry,Krystal,kdumphrymr@apple.com,kdumphrymr,2,1,nulla neque
Fortun,Ced,cfortunms@infoseek.co.jp,cfortunms,3,2,rutrum
Ridsdale,Nada,nridsdalemt@weebly.com,nridsdalemt,2,4,bibendum
Willmont,Farrel,fwillmontmu@nytimes.com,fwillmontmu,4,1,in lectus
Bwye,Kippar,kbwyemv@cbsnews.com,kbwyemv,2,2,consectetuer adipiscing
Kell,Nelli,nkellmw@addtoany.com,nkellmw,4,2,posuere cubilia
Theurer,Lionel,ltheurermx@imageshack.us,ltheurermx,3,4,elit ac
Zanitti,Bram,bzanittimy@msn.com,bzanittimy,1,4,pretium
Broxis,Nanni,nbroxismz@time.com,nbroxismz,4,1,orci luctus
Faers,Nicolette,nfaersn0@home.pl,nfaersn0,2,4,quam pharetra
Tiffin,Kameko,ktiffinn1@theatlantic.com,ktiffinn1,2,2,consequat nulla
Drejer,Aubrey,adrejern2@ezinearticles.com,adrejern2,3,1,sapien
Olivie,Gearard,golivien3@ocn.ne.jp,golivien3,3,2,orci nullam
Bandey,Linda,lbandeyn4@cloudflare.com,lbandeyn4,2,1,augue
Seston,Sven,ssestonn5@salon.com,ssestonn5,2,1,sodales
Talman,Muffin,mtalmann6@ning.com,mtalmann6,4,3,turpis
Sailer,Worthington,wsailern7@guardian.co.uk,wsailern7,1,3,amet sapien
Vickarman,Staffard,svickarmann8@dailymotion.com,svickarmann8,2,4,vitae
Elphick,Gisele,gelphickn9@home.pl,gelphickn9,4,2,turpis
Rippingale,Velvet,vrippingalena@tiny.cc,vrippingalena,1,1,euismod
Eckh,Niles,neckhnb@people.com.cn,neckhnb,1,2,aliquet
Kroger,Pearla,pkrogernc@walmart.com,pkrogernc,2,4,ut nulla
Shouler,Amalia,ashoulernd@earthlink.net,ashoulernd,2,1,quisque arcu
Richfield,Torre,trichfieldne@redcross.org,trichfieldne,3,2,risus semper
Thunnercliffe,Almira,athunnercliffenf@toplist.cz,athunnercliffenf,3,2,risus
Philcox,Netti,nphilcoxng@edublogs.org,nphilcoxng,1,4,donec vitae
Belloch,Daniel,dbellochnh@nhs.uk,dbellochnh,3,2,quam suspendisse
Finden,Bryn,bfindenni@mtv.com,bfindenni,4,4,enim
Linnell,Tierney,tlinnellnj@bloglovin.com,tlinnellnj,2,1,ut erat
Conibere,Letti,lconiberenk@wikipedia.org,lconiberenk,1,4,aliquet
Godier,Lucille,lgodiernl@cnet.com,lgodiernl,3,3,interdum
Uren,Oralie,ourennm@rambler.ru,ourennm,2,2,volutpat
Houltham,Mickey,mhoulthamnn@reddit.com,mhoulthamnn,4,1,quam
Beardsell,Nero,nbeardsellno@disqus.com,nbeardsellno,4,1,ut
Beddow,Cristie,cbeddownp@va.gov,cbeddownp,4,4,convallis
Yurov,Samara,syurovnq@constantcontact.com,syurovnq,1,2,aliquet
Francescotti,Lurlene,lfrancescottinr@blogtalkradio.com,lfrancescottinr,1,2,nam ultrices
Hickenbottom,Stacia,shickenbottomns@cafepress.com,shickenbottomns,3,1,volutpat
Ash,Bernice,bashnt@netlog.com,bashnt,4,2,interdum
Chasteau,Lawrence,lchasteaunu@vinaora.com,lchasteaunu,1,1,augue vestibulum
Crowest,Erminie,ecrowestnv@yelp.com,ecrowestnv,1,3,lorem
Crysell,Savina,scrysellnw@ebay.com,scrysellnw,3,2,sed
Clempton,Bathsheba,bclemptonnx@google.co.uk,bclemptonnx,4,3,eget
Rother,Morganne,mrotherny@yellowpages.com,mrotherny,3,1,id
Maxweell,Gradeigh,gmaxweellnz@wikia.com,gmaxweellnz,4,3,semper interdum
Trowbridge,Goldi,gtrowbridgeo0@sciencedirect.com,gtrowbridgeo0,2,3,ac est
Havock,Jermaine,jhavocko1@bizjournals.com,jhavocko1,3,1,viverra
Volleth,Culver,cvolletho2@google.com.br,cvolletho2,1,3,a
Eyden,Tessi,teydeno3@cyberchimps.com,teydeno3,3,2,in
Crickmer,Darius,dcrickmero4@ovh.net,dcrickmero4,1,2,in
Heeron,Stella,sheerono5@surveymonkey.com,sheerono5,1,2,neque libero
MacCawley,Chester,cmaccawleyo6@irs.gov,cmaccawleyo6,2,4,lobortis
Waddam,Zachariah,zwaddamo7@technorati.com,zwaddamo7,2,4,quis
Degue,Vivianne,vdegueo8@edublogs.org,vdegueo8,1,1,nulla nisl
Desvignes,Tommie,tdesvigneso9@prnewswire.com,tdesvigneso9,3,2,varius
Marquet,Andra,amarquetoa@bbb.org,amarquetoa,2,3,proin
Torbet,Lurette,ltorbetob@ihg.com,ltorbetob,1,3,in
Czadla,Philly,pczadlaoc@scribd.com,pczadlaoc,1,3,faucibus orci
Haddow,Cordie,chaddowod@phoca.cz,chaddowod,3,3,nibh
Moro,Sondra,smorooe@bandcamp.com,smorooe,2,3,ut tellus
MacFie,Alvira,amacfieof@squarespace.com,amacfieof,2,3,platea
Newcome,Birk,bnewcomeog@networksolutions.com,bnewcomeog,3,2,blandit lacinia
Krolman,Dulcie,dkrolmanoh@walmart.com,dkrolmanoh,3,4,eu sapien
Meconi,Ketti,kmeconioi@51.la,kmeconioi,1,4,ante
Ambrogioli,Staford,sambrogiolioj@addtoany.com,sambrogiolioj,3,4,sed
Sands,Rozamond,rsandsok@geocities.com,rsandsok,1,4,adipiscing elit
Hammant,Olenolin,ohammantol@technorati.com,ohammantol,2,4,velit eu
Beining,Abeu,abeiningom@parallels.com,abeiningom,1,3,eget
Rolley,Jodi,jrolleyon@ebay.co.uk,jrolleyon,1,3,sapien urna
Maryman,Valentino,vmarymanoo@instagram.com,vmarymanoo,1,3,congue etiam
Volke,Jobyna,jvolkeop@histats.com,jvolkeop,1,3,sem
Belhome,Lilas,lbelhomeoq@ow.ly,lbelhomeoq,1,3,dolor vel
Brimm,Willyt,wbrimmor@jalbum.net,wbrimmor,1,3,cubilia
Adriano,Fan,fadrianoos@webnode.com,fadrianoos,2,4,posuere cubilia
Fryatt,Blythe,bfryattot@jigsy.com,bfryattot,3,4,metus aenean
Ezele,Delbert,dezeleou@taobao.com,dezeleou,1,1,sollicitudin
Ozanne,Roobbie,rozanneov@cnbc.com,rozanneov,1,1,cum
Kingswood,Jaclin,jkingswoodow@umich.edu,jkingswoodow,2,4,et
Chomiszewski,Lolita,lchomiszewskiox@issuu.com,lchomiszewskiox,3,1,pede ullamcorper
Laurens,Valeria,vlaurensoy@angelfire.com,vlaurensoy,3,4,et magnis
Walby,Juana,jwalbyoz@artisteer.com,jwalbyoz,2,4,habitasse platea
Walrond,Peter,pwalrondp0@google.com,pwalrondp0,4,2,potenti in
Jewks,Willi,wjewksp1@house.gov,wjewksp1,1,3,nulla eget
Cassam,Lacy,lcassamp2@springer.com,lcassamp2,3,4,id justo
Frayn,Tabbitha,tfraynp3@studiopress.com,tfraynp3,1,3,mattis
Kingaby,Zachery,zkingabyp4@webs.com,zkingabyp4,4,4,ut
Mazzilli,Katharine,kmazzillip5@nps.gov,kmazzillip5,4,2,quisque
Dodman,Sidonia,sdodmanp6@marriott.com,sdodmanp6,1,3,non
Geraudel,Claribel,cgeraudelp7@addtoany.com,cgeraudelp7,3,3,augue vel
Maggiore,Quentin,qmaggiorep8@ucoz.ru,qmaggiorep8,3,1,quis justo
Gregori,Elvina,egregorip9@ucoz.ru,egregorip9,4,1,tempus
Fitzsymons,Montgomery,mfitzsymonspa@guardian.co.uk,mfitzsymonspa,4,1,nulla
McKeveney,Bayard,bmckeveneypb@kickstarter.com,bmckeveneypb,4,2,ante vivamus
Pickerill,Porty,ppickerillpc@vk.com,ppickerillpc,1,1,ipsum
Clubbe,Anitra,aclubbepd@nydailynews.com,aclubbepd,3,4,sed accumsan
Gocke,Everard,egockepe@buzzfeed.com,egockepe,4,3,vivamus
Pixton,Herculie,hpixtonpf@google.ca,hpixtonpf,1,3,at feugiat
Greenrod,Greggory,ggreenrodpg@imdb.com,ggreenrodpg,4,3,tempus
Klimus,Elmore,eklimusph@tinyurl.com,eklimusph,1,2,eleifend
Catford,Teresa,tcatfordpi@ustream.tv,tcatfordpi,2,1,aenean
Banbridge,Damita,dbanbridgepj@nifty.com,dbanbridgepj,4,3,sit amet
Sollitt,Raye,rsollittpk@home.pl,rsollittpk,4,4,sit amet
Cushelly,Uta,ucushellypl@addthis.com,ucushellypl,4,3,sapien
Twiggins,Parrnell,ptwigginspm@google.fr,ptwigginspm,1,4,sapien varius
Durnian,Tiphany,tdurnianpn@about.com,tdurnianpn,2,2,in
Tolworthy,Katrine,ktolworthypo@ox.ac.uk,ktolworthypo,1,3,vivamus metus
Chilcott,Cathryn,cchilcottpp@google.pl,cchilcottpp,4,2,cum
Guiot,Kevyn,kguiotpq@free.fr,kguiotpq,3,4,duis at
Waumsley,Alexio,awaumsleypr@bizjournals.com,awaumsleypr,1,2,et ultrices
Argente,Blakeley,bargenteps@cdbaby.com,bargenteps,1,1,odio justo
Luckes,Maddie,mluckespt@wsj.com,mluckespt,2,1,nulla
Shortall,Rurik,rshortallpu@noaa.gov,rshortallpu,2,3,accumsan odio
Frosch,Alric,afroschpv@bizjournals.com,afroschpv,2,2,fusce lacus
Clarson,Rice,rclarsonpw@bbb.org,rclarsonpw,4,1,quam sapien
Blue,Geralda,gbluepx@abc.net.au,gbluepx,1,1,proin leo
Muzzlewhite,Nealy,nmuzzlewhitepy@illinois.edu,nmuzzlewhitepy,2,3,sapien
Mossdale,Lucienne,lmossdalepz@dailymotion.com,lmossdalepz,3,1,magna ac
Berndsen,Abner,aberndsenq0@unicef.org,aberndsenq0,3,3,nibh ligula
Spadaro,Montague,mspadaroq1@gov.uk,mspadaroq1,4,4,eleifend
Bellino,Giffie,gbellinoq2@dmoz.org,gbellinoq2,1,4,mauris
Gudgion,Philipa,pgudgionq3@stumbleupon.com,pgudgionq3,1,3,ac
Blanko,Mike,mblankoq4@webeden.co.uk,mblankoq4,4,3,quisque
Gutans,Vern,vgutansq5@privacy.gov.au,vgutansq5,4,4,metus vitae
Portch,Kaela,kportchq6@creativecommons.org,kportchq6,1,4,cursus
Leteurtre,Yetta,yleteurtreq7@tiny.cc,yleteurtreq7,2,1,condimentum
Grunwald,Jean,jgrunwaldq8@illinois.edu,jgrunwaldq8,2,4,velit
Bywater,Chane,cbywaterq9@google.cn,cbywaterq9,1,4,lacus curabitur
Halleybone,Grantley,ghalleyboneqa@census.gov,ghalleyboneqa,2,4,libero nam
Sebyer,Charleen,csebyerqb@twitter.com,csebyerqb,3,4,sit
Burril,Ezra,eburrilqc@state.tx.us,eburrilqc,3,2,mattis odio
Laroze,Rice,rlarozeqd@freewebs.com,rlarozeqd,4,2,dui
Heeks,Reiko,rheeksqe@admin.ch,rheeksqe,2,4,justo morbi
Wordsworth,Karilynn,kwordsworthqf@hao123.com,kwordsworthqf,2,2,vel pede
Janisson,Stewart,sjanissonqg@jigsy.com,sjanissonqg,2,1,nisi venenatis
Johansson,Ingeberg,ijohanssonqh@sakura.ne.jp,ijohanssonqh,4,4,in
Cullip,Charo,ccullipqi@salon.com,ccullipqi,1,3,pretium
Reach,Robinia,rreachqj@google.de,rreachqj,1,4,vitae
Whye,Vita,vwhyeqk@dagondesign.com,vwhyeqk,4,4,turpis nec
Hudless,Jeffy,jhudlessql@rambler.ru,jhudlessql,2,2,mollis
Bellenger,Peggi,pbellengerqm@wikia.com,pbellengerqm,3,4,mauris morbi
Vaan,Didi,dvaanqn@hp.com,dvaanqn,1,4,justo sit
Nicely,Spence,snicelyqo@about.me,snicelyqo,2,4,feugiat
Saiger,Gannie,gsaigerqp@eepurl.com,gsaigerqp,1,4,nulla
Tuley,Les,ltuleyqq@netvibes.com,ltuleyqq,1,4,sit amet
Southeran,Farrand,fsoutheranqr@boston.com,fsoutheranqr,2,3,ornare consequat
Elijah,Joya,jelijahqs@nsw.gov.au,jelijahqs,2,3,sollicitudin ut
Aizkovitch,Nico,naizkovitchqt@wufoo.com,naizkovitchqt,4,3,ultrices posuere
Mackie,Vi,vmackiequ@ucoz.ru,vmackiequ,1,3,lacinia
McKennan,Marilee,mmckennanqv@rediff.com,mmckennanqv,1,4,lacinia
McKeran,Andree,amckeranqw@huffingtonpost.com,amckeranqw,2,4,in
Maddick,Artus,amaddickqx@people.com.cn,amaddickqx,2,3,ac consequat
Troppmann,Perl,ptroppmannqy@blogger.com,ptroppmannqy,4,1,quis
Falla,Augustina,afallaqz@nature.com,afallaqz,2,1,in
Bate,Avictor,abater0@tamu.edu,abater0,4,1,enim in
Tiddeman,Mychal,mtiddemanr1@shinystat.com,mtiddemanr1,2,1,neque sapien
Filipczak,My,mfilipczakr2@google.com,mfilipczakr2,3,2,nulla suspendisse
Greedier,Carey,cgreedierr3@trellian.com,cgreedierr3,2,1,sed
Stubbington,Karalee,kstubbingtonr4@paginegialle.it,kstubbingtonr4,4,2,urna pretium
Klamp,Flossy,fklampr5@jalbum.net,fklampr5,4,3,quam
Pavek,Brenden,bpavekr6@msn.com,bpavekr6,1,2,cursus
O'Leagham,Leeanne,loleaghamr7@so-net.ne.jp,loleaghamr7,4,3,eleifend donec
Jirek,Alysia,ajirekr8@dion.ne.jp,ajirekr8,1,4,volutpat dui
Ghelardoni,Salmon,sghelardonir9@hostgator.com,sghelardonir9,4,2,est phasellus
McLucky,Blinny,bmcluckyra@bloglovin.com,bmcluckyra,2,1,vehicula consequat
Riccioppo,Clemence,cricciopporb@shop-pro.jp,cricciopporb,1,2,magna bibendum
Czaple,Emelyne,eczaplerc@jugem.jp,eczaplerc,3,2,quisque arcu
Gehricke,Christian,cgehrickerd@state.tx.us,cgehrickerd,4,2,neque
Rivalant,Kameko,krivalantre@w3.org,krivalantre,2,3,pharetra magna
Trainer,Cassie,ctrainerrf@sun.com,ctrainerrf,3,1,ornare
Middlemist,Erika,emiddlemistrg@google.nl,emiddlemistrg,4,1,consequat
Presslee,Giraldo,gpressleerh@behance.net,gpressleerh,4,1,suspendisse
Frankom,Leeanne,lfrankomri@is.gd,lfrankomri,2,2,vestibulum
Isaac,Leandra,lisaacrj@mapquest.com,lisaacrj,4,4,sem sed
Forst,Pierson,pforstrk@oracle.com,pforstrk,2,1,sapien
Eddies,Tamma,teddiesrl@nhs.uk,teddiesrl,1,2,congue risus
Matijevic,Nichol,nmatijevicrm@oaic.gov.au,nmatijevicrm,1,1,arcu
Dufty,Nehemiah,nduftyrn@scientificamerican.com,nduftyrn,1,4,aliquam
Barns,Sol,sbarnsro@lulu.com,sbarnsro,4,2,praesent
Forth,Brannon,bforthrp@businessinsider.com,bforthrp,4,4,justo sollicitudin
Pimm,Jessica,jpimmrq@springer.com,jpimmrq,3,4,id luctus
D'Ambrogi,Helenelizabeth,hdambrogirr@imdb.com,hdambrogirr,1,2,convallis
